class_name;hf;hp;hr
R/Bacterial/Klebsiella;0.0;0.0;0.0
R/Bacterial/Legionella;0.0;0.0;0.0
R/Bacterial/Mycoplasma;0.0;0.0;0.0
R/Bacterial/Streptococcus;0.0;0.0;0.0
R/Fungal/Pneumocystis;0.019047619047619046;0.06666666666666667;0.01111111111111111
R/Lipoid/Non applicable;0.1;0.16666666666666666;0.07222222222222222
R/Normal;0.4967151766510569;0.5;0.49350000000000005
R/Viral/COVID-19;0.35022421192346426;0.36666666666666664;0.33549159356725144
R/Viral/SARS;0.0;0.0;0.0
