class_name;hf;hp;hr
R/Bacterial/Klebsiella;0.7333333333333333;0.8;0.7
R/Bacterial/Legionella;0.0;0.0;0.0
R/Bacterial/Mycoplasma;0.13333333333333333;0.2;0.1
R/Bacterial/Streptococcus;0.3052380952380952;0.4333333333333333;0.24666666666666665
R/Fungal/Pneumocystis;0.13206349206349205;0.24666666666666665;0.09333333333333334
R/Lipoid/Non applicable;0.31333333333333335;0.36666666666666664;0.28888888888888886
R/Normal;0.13392275986656296;0.15714285714285714;0.11673809523809524
R/Viral/COVID-19;0.07016919805209428;0.12023809523809523;0.050021103104984685
R/Viral/SARS;0.3177777777777778;0.4333333333333333;0.2555555555555556
