resampling_strategy;resampling_algorithm;hp;hr;hf
none;none;0.26163147154812216;0.25214473684210525;0.25076680673528917
flat;ros;0.2862435625931433;0.48911159844054586;0.29363456355421785
flat;smote;0.29238744714049214;0.4327485380116959;0.2989393444522795
flat;borderline;0.27274398026139124;0.39908918128654974;0.280843859436591
flat;adasyn;0.2745555446000716;0.4409561403508772;0.275115710093388
flat;smote-enn;0.3024859893602544;0.4472163742690059;0.30437648646215754
flat;smote-tomek;0.29576888481777197;0.4361471734892787;0.29894196193424927
