class_name;hf;hp;hr
R/Bacterial/Klebsiella;0.6;0.7;0.55
R/Bacterial/Legionella;0.0;0.0;0.0
R/Bacterial/Mycoplasma;0.4333333333333333;0.5666666666666667;0.37222222222222223
R/Bacterial/Streptococcus;0.24253968253968256;0.36666666666666664;0.19
R/Fungal/Pneumocystis;0.07738095238095237;0.16666666666666666;0.05277777777777778
R/Lipoid/Non applicable;0.44666666666666666;0.5666666666666667;0.3888888888888889
R/Normal;0.21438204209396136;0.22333333333333333;0.20615
R/Viral/COVID-19;0.06955985597498535;0.11666666666666665;0.04990222953216374
R/Viral/SARS;0.44904761904761903;0.5666666666666667;0.39722222222222225
