class_name;hf;hp;hr
R/Bacterial/Klebsiella;0.13333333333333333;0.2;0.1
R/Bacterial/Legionella;0.0;0.0;0.0
R/Bacterial/Mycoplasma;0.05;0.1;0.03333333333333333
R/Bacterial/Streptococcus;0.2533333333333333;0.3333333333333333;0.2333333333333333
R/Fungal/Pneumocystis;0.17539682539682538;0.31666666666666665;0.12499999999999997
R/Lipoid/Non applicable;0.13;0.2;0.1
R/Normal;0.2192019858454252;0.22999999999999998;0.20945
R/Viral/COVID-19;0.1047061236796106;0.12857142857142856;0.08842871066555277
R/Viral/SARS;0.16666666666666666;0.3;0.11666666666666665
