class_name;hf;hp;hr
R/Bacterial/Klebsiella;0.13333333333333333;0.2;0.1
R/Bacterial/Legionella;0.0;0.0;0.0
R/Bacterial/Mycoplasma;0.05;0.1;0.03333333333333333
R/Bacterial/Streptococcus;0.09142857142857144;0.2;0.06
R/Fungal/Pneumocystis;0.07619047619047618;0.21666666666666665;0.04722222222222222
R/Lipoid/Non applicable;0.11333333333333333;0.16666666666666666;0.08888888888888888
R/Normal;0.2599304939055388;0.26999999999999996;0.25060000000000004
R/Viral/COVID-19;0.12617436287269818;0.14722222222222223;0.1104663133528265
R/Viral/SARS;0.13333333333333333;0.2333333333333333;0.09444444444444444
