resampling_strategy;resampling_algorithm;hp;hr;hf
none;none;0.31360179922190745;0.3250852826510721;0.3022088966401202
flat;ros;0.3437886133018816;0.3155784600389864;0.3213347412914251
flat;smote;0.27480175563704945;0.32833723196881087;0.2895789401545512
flat;borderline;0.2985815457731305;0.322103313840156;0.30020316576871847
flat;adasyn;0.3544058086953773;0.3588771929824562;0.3343064078210708
flat;smote-enn;0.2812488387206349;0.3700891812865497;0.29692846829324276
flat;smote-tomek;0.288119097599878;0.34089912280701756;0.3002904742390465
