class_name;hf;hp;hr
R/Bacterial/Klebsiella;0.5333333333333333;0.6;0.5
R/Bacterial/Legionella;0.0;0.0;0.0
R/Bacterial/Mycoplasma;0.4666666666666666;0.5;0.45
R/Bacterial/Streptococcus;0.2792063492063492;0.3733333333333333;0.23133333333333334
R/Fungal/Pneumocystis;0.09095238095238097;0.21333333333333332;0.05888888888888888
R/Lipoid/Non applicable;0.3466666666666667;0.4333333333333333;0.3111111111111111
R/Normal;0.17089703363494313;0.18166666666666664;0.16139166666666666
R/Viral/COVID-19;0.057275875873189344;0.11388888888888889;0.03851364522417154
R/Viral/SARS;0.4133333333333333;0.5166666666666666;0.3680555555555555
