class_name;hf;hp;hr
R/Bacterial/Klebsiella;0.0;0.0;0.0
R/Bacterial/Legionella;0.0;0.0;0.0
R/Bacterial/Mycoplasma;0.0;0.0;0.0
R/Bacterial/Streptococcus;0.12333333333333334;0.25;0.08499999999999999
R/Fungal/Pneumocystis;0.11190476190476191;0.25;0.075
R/Lipoid/Non applicable;0.23333333333333334;0.26666666666666666;0.22222222222222224
R/Normal;0.23121586963994817;0.24;0.22311666666666669
R/Viral/COVID-19;0.10954241432164646;0.12658730158730158;0.09677570662768031
R/Viral/SARS;0.13;0.2;0.1
