class_name;hf;hp;hr
R/Bacterial/Klebsiella;0.5333333333333333;0.6;0.5
R/Bacterial/Legionella;0.0;0.0;0.0
R/Bacterial/Mycoplasma;0.4;0.5;0.35
R/Bacterial/Streptococcus;0.41238095238095235;0.5;0.37166666666666665
R/Fungal/Pneumocystis;0.10595238095238095;0.2333333333333333;0.06944444444444443
R/Lipoid/Non applicable;0.19333333333333333;0.26666666666666666;0.15555555555555553
R/Normal;0.20853486977059674;0.21999999999999997;0.19826666666666667
R/Viral/COVID-19;0.06069447810079274;0.11388888888888889;0.04151803118908382
R/Viral/SARS;0.3577777777777778;0.4333333333333333;0.32222222222222224
