class_name;hf;hp;hr
R/Bacterial/Klebsiella;0.6666666666666666;0.7;0.65
R/Bacterial/Legionella;0.0;0.0;0.0
R/Bacterial/Mycoplasma;0.6799999999999999;0.7;0.6666666666666667
R/Bacterial/Streptococcus;0.2781746031746032;0.3833333333333333;0.22166666666666668
R/Fungal/Pneumocystis;0.11111111111111112;0.1833333333333333;0.08055555555555556
R/Lipoid/Non applicable;0.33333333333333337;0.4333333333333333;0.29444444444444445
R/Normal;0.22443285533931495;0.22999999999999998;0.2192
R/Viral/COVID-19;0.07910585632900959;0.11388888888888889;0.06078185916179337
R/Viral/SARS;0.42000000000000004;0.5333333333333333;0.3722222222222222
