class_name;hf;hp;hr
R/Bacterial/Klebsiella;0.6;0.7;0.55
R/Bacterial/Legionella;0.0;0.0;0.0
R/Bacterial/Mycoplasma;0.13333333333333333;0.2;0.1
R/Bacterial/Streptococcus;0.1873015873015873;0.26666666666666666;0.14833333333333332
R/Fungal/Pneumocystis;0.1230952380952381;0.22333333333333333;0.09
R/Lipoid/Non applicable;0.16333333333333333;0.26666666666666666;0.12222222222222223
R/Normal;0.23647643193185633;0.24666666666666667;0.22728333333333334
R/Viral/COVID-19;0.06419752834571459;0.11944444444444444;0.04800956384015594
R/Viral/SARS;0.33333333333333337;0.41666666666666663;0.3013888888888889
