class_name;hf;hp;hr
R/Bacterial/Klebsiella;0.7333333333333334;0.8;0.7
R/Bacterial/Legionella;0.0;0.0;0.0
R/Bacterial/Mycoplasma;0.21333333333333332;0.3;0.16666666666666666
R/Bacterial/Streptococcus;0.32896825396825397;0.4333333333333333;0.26999999999999996
R/Fungal/Pneumocystis;0.07587301587301587;0.14666666666666667;0.05333333333333333
R/Lipoid/Non applicable;0.22666666666666666;0.3;0.18333333333333332
R/Normal;0.14114590173179103;0.16190476190476188;0.12519047619047619
R/Viral/COVID-19;0.056724978624911014;0.11388888888888889;0.038269980506822614
R/Viral/SARS;0.5333333333333334;0.6166666666666666;0.5013888888888889
