class_name;hf;hp;hr
R/Bacterial/Klebsiella;0.13333333333333333;0.2;0.1
R/Bacterial/Legionella;0.0;0.0;0.0
R/Bacterial/Mycoplasma;0.13333333333333333;0.2;0.1
R/Bacterial/Streptococcus;0.12333333333333334;0.25;0.08499999999999999
R/Fungal/Pneumocystis;0.1561111111111111;0.29999999999999993;0.11388888888888889
R/Lipoid/Non applicable;0.23333333333333334;0.26666666666666666;0.22222222222222224
R/Normal;0.2031365364731573;0.21333333333333332;0.19395
R/Viral/COVID-19;0.10465684278594098;0.12936507936507935;0.08824087127541073
R/Viral/SARS;0.24000000000000005;0.4333333333333333;0.17222222222222222
