class_name;hf;hp;hr
R/Bacterial/Klebsiella;0.7333333333333333;0.8;0.7
R/Bacterial/Legionella;0.0;0.0;0.0
R/Bacterial/Mycoplasma;0.3333333333333333;0.4;0.3
R/Bacterial/Streptococcus;0.30396825396825394;0.39999999999999997;0.24999999999999994
R/Fungal/Pneumocystis;0.15095238095238095;0.26666666666666666;0.11111111111111112
R/Lipoid/Non applicable;0.1;0.2;0.06666666666666667
R/Normal;0.131365100516219;0.15238095238095237;0.11545238095238095
R/Viral/COVID-19;0.06746014050361877;0.11388888888888889;0.04802631578947368
R/Viral/SARS;0.3866666666666666;0.4666666666666667;0.35
