class_name;hf;hp;hr
R/Bacterial/Klebsiella;0.7333333333333333;0.8;0.7
R/Bacterial/Legionella;0.0;0.0;0.0
R/Bacterial/Mycoplasma;0.21333333333333332;0.3;0.16666666666666666
R/Bacterial/Streptococcus;0.21428571428571427;0.33999999999999997;0.1655
R/Fungal/Pneumocystis;0.1253968253968254;0.2333333333333333;0.08888888888888888
R/Lipoid/Non applicable;0.32666666666666666;0.4666666666666666;0.25555555555555554
R/Normal;0.2446242802787756;0.25;0.2395
R/Viral/COVID-19;0.08755567204337207;0.11944444444444444;0.06958302875243665
R/Viral/SARS;0.2533333333333333;0.39999999999999997;0.19444444444444448
