class_name;hf;hp;hr
R/Bacterial/Klebsiella;0.39999999999999997;0.5;0.35
R/Bacterial/Legionella;0.2;0.2;0.2
R/Bacterial/Mycoplasma;0.5666666666666667;0.6666666666666667;0.5222222222222223
R/Bacterial/Streptococcus;0.2742857142857143;0.3833333333333333;0.22500000000000003
R/Fungal/Pneumocystis;0.093015873015873;0.20666666666666664;0.06333333333333332
R/Lipoid/Non applicable;0.13;0.2;0.1
R/Normal;0.202562543163172;0.21333333333333332;0.19293333333333335
R/Viral/COVID-19;0.05911285794497474;0.11111111111111112;0.0403630604288499
R/Viral/SARS;0.3177777777777778;0.4333333333333333;0.25555555555555554
