class_name;hf;hp;hr
R/Bacterial/Klebsiella;0.06666666666666667;0.1;0.05
R/Bacterial/Legionella;0.0;0.0;0.0
R/Bacterial/Mycoplasma;0.05;0.1;0.03333333333333333
R/Bacterial/Streptococcus;0.12126984126984126;0.20666666666666664;0.09633333333333333
R/Fungal/Pneumocystis;0.12000000000000002;0.24;0.09
R/Lipoid/Non applicable;0.13333333333333333;0.2333333333333333;0.09444444444444444
R/Normal;0.22971790403004255;0.24;0.22031666666666666
R/Viral/COVID-19;0.11681511032620047;0.1392857142857143;0.10062225877192983
R/Viral/SARS;0.15777777777777777;0.2333333333333333;0.12222222222222223
