resampling_strategy;resampling_algorithm;hp;hr;hf
none;none;0.2956870215976489;0.41835769980506826;0.2753554833142914
flat;ros;0.3021495729052822;0.41715009746588694;0.2757761797321878
flat;smote;0.3038982693985934;0.4289098440545809;0.2906733993114874
flat;borderline;0.30800918776111585;0.40939376218323587;0.30252095983525396
flat;adasyn;0.3095838035446312;0.4527787524366471;0.3076943524933876
flat;smote-enn;0.2944306608689625;0.4293265107212475;0.29047581904536024
flat;smote-tomek;0.32549838181925805;0.49749025341130604;0.3295782581364195
