class_name;hf;hp;hr
R/Bacterial/Klebsiella;0.6666666666666666;0.7;0.65
R/Bacterial/Legionella;0.0;0.0;0.0
R/Bacterial/Mycoplasma;0.27999999999999997;0.4;0.21666666666666665
R/Bacterial/Streptococcus;0.292063492063492;0.39999999999999997;0.23666666666666666
R/Fungal/Pneumocystis;0.10952380952380954;0.17333333333333334;0.08555555555555555
R/Lipoid/Non applicable;0.22999999999999998;0.36666666666666664;0.17222222222222222
R/Normal;0.1435940459561492;0.16190476190476188;0.12916666666666668
R/Viral/COVID-19;0.06043294950953766;0.11111111111111112;0.0415229044834308
R/Viral/SARS;0.3857142857142858;0.5;0.3416666666666667
