class_name;hf;hp;hr
R/Bacterial/Klebsiella;0.0;0.0;0.0
R/Bacterial/Legionella;0.0;0.0;0.0
R/Bacterial/Mycoplasma;0.18333333333333332;0.3;0.13333333333333333
R/Bacterial/Streptococcus;0.09968253968253968;0.18333333333333332;0.06999999999999999
R/Fungal/Pneumocystis;0.08349206349206348;0.17333333333333334;0.057777777777777775
R/Lipoid/Non applicable;0.14999999999999997;0.26666666666666666;0.10555555555555554
R/Normal;0.24695100342316328;0.25666666666666665;0.23796666666666666
R/Viral/COVID-19;0.11823535929226854;0.1376984126984127;0.10369334795321639
R/Viral/SARS;0.2566666666666667;0.4666666666666666;0.18333333333333332
