class_name;hf;hp;hr
R/Bacterial/Klebsiella;0.39999999999999997;0.5;0.35
R/Bacterial/Legionella;0.0;0.0;0.0
R/Bacterial/Mycoplasma;0.3333333333333333;0.4;0.3
R/Bacterial/Streptococcus;0.2361904761904762;0.3333333333333333;0.19333333333333333
R/Fungal/Pneumocystis;0.062142857142857146;0.18;0.03833333333333333
R/Lipoid/Non applicable;0.29333333333333333;0.4;0.2333333333333333
R/Normal;0.16926707758462345;0.18;0.15976666666666667
R/Viral/COVID-19;0.05211557170789344;0.11111111111111112;0.03432261208576998
R/Viral/SARS;0.3123809523809523;0.4333333333333333;0.25277777777777777
