class_name;hf;hp;hr
R/Bacterial/Klebsiella;0.0;0.0;0.0
R/Bacterial/Legionella;0.0;0.0;0.0
R/Bacterial/Mycoplasma;0.0;0.0;0.0
R/Bacterial/Streptococcus;0.0;0.0;0.0
R/Fungal/Pneumocystis;0.0;0.0;0.0
R/Lipoid/Non applicable;0.18;0.26666666666666666;0.1388888888888889
R/Normal;0.49672414628775374;0.5;0.49350000000000005
R/Viral/COVID-19;0.2923171034321929;0.30666666666666664;0.2793347953216374
R/Viral/SARS;0.0;0.0;0.0
