resampling_strategy;resampling_algorithm;hp;hr;hf
none;none;0.3278820321850593;0.3291871345029239;0.31906510751532524
flat;ros;0.308737444926631;0.3022236842105263;0.29820134706659934
flat;smote;0.32822543890038886;0.33807358674463933;0.32164351793439866
flat;borderline;0.344059592664398;0.3406749512670565;0.32261936460416546
flat;adasyn;0.29176047962622553;0.3365925925925926;0.29875396225713924
flat;smote-enn;0.29852975742204857;0.35118957115009747;0.3027160656018198
flat;smote-tomek;0.3072721014338377;0.3812480506822612;0.3283358423186563
