class_name;hf;hp;hr
R/Bacterial/Klebsiella;0.5333333333333334;0.6;0.5
R/Bacterial/Legionella;0.06666666666666667;0.1;0.05
R/Bacterial/Mycoplasma;0.18333333333333332;0.3;0.13333333333333333
R/Bacterial/Streptococcus;0.18333333333333332;0.29999999999999993;0.13666666666666666
R/Fungal/Pneumocystis;0.13706349206349205;0.25666666666666665;0.09666666666666665
R/Lipoid/Non applicable;0.13;0.2;0.1
R/Normal;0.1521228147975365;0.17333333333333334;0.13570000000000002
R/Viral/COVID-19;0.07583787825398564;0.12023809523809523;0.05569827346143136
R/Viral/SARS;0.39904761904761904;0.4666666666666666;0.3638888888888889
