class_name;hf;hp;hr
R/Bacterial/Klebsiella;0.13333333333333333;0.2;0.1
R/Bacterial/Legionella;0.0;0.0;0.0
R/Bacterial/Mycoplasma;0.21333333333333332;0.3;0.16666666666666666
R/Bacterial/Streptococcus;0.17888888888888888;0.3333333333333333;0.12833333333333333
R/Fungal/Pneumocystis;0.1253968253968254;0.24999999999999994;0.0861111111111111
R/Lipoid/Non applicable;0.08333333333333333;0.16666666666666666;0.05555555555555556
R/Normal;0.1682934678160394;0.1769047619047619;0.16052261904761903
R/Viral/COVID-19;0.10094765366783806;0.12222222222222223;0.08602887426900585
R/Viral/SARS;0.21333333333333332;0.36666666666666664;0.15555555555555553
