class_name;hf;hp;hr
R/Bacterial/Klebsiella;0.0;0.0;0.0
R/Bacterial/Legionella;0.0;0.0;0.0
R/Bacterial/Mycoplasma;0.0;0.0;0.0
R/Bacterial/Streptococcus;0.0;0.0;0.0
R/Fungal/Pneumocystis;0.047619047619047616;0.16666666666666666;0.02777777777777778
R/Lipoid/Non applicable;0.1;0.16666666666666666;0.07222222222222222
R/Normal;0.49697474401324654;0.5;0.49400000000000005
R/Viral/COVID-19;0.3189942305631259;0.3333333333333333;0.3058534356725146
R/Viral/SARS;0.0;0.0;0.0
