resampling_strategy;resampling_algorithm;hp;hr;hf
none;none;0.31011600531799793;0.4544015594541911;0.30213813064830697
flat;ros;0.3005725243638007;0.4510014619883041;0.284208982949203
flat;smote;0.3065470843016781;0.425958089668616;0.29406337911983516
flat;borderline;0.3065024498734615;0.39301315789473684;0.2962127485341276
flat;adasyn;0.30409174835410446;0.42075487329434696;0.2940818821131693
flat;smote-enn;0.30105500417570286;0.4144673489278753;0.2899431676704385
flat;smote-tomek;0.28596657789093155;0.43585477582846;0.28238934769305746
