resampling_strategy;resampling_algorithm;hp;hr;hf
none;none;0.307374018823649;0.316261208576998;0.29615339655740763
flat;ros;0.3336602213519114;0.3096120857699805;0.31067331404627485
flat;smote;0.2728047422185174;0.33030409356725143;0.2867503820700893
flat;borderline;0.32935829758082297;0.33704385964912287;0.32280873518557673
flat;adasyn;0.3369951425875781;0.3607729044834308;0.3345728701393587
flat;smote-enn;0.3284121825748859;0.37767933723196884;0.32887680985414774
flat;smote-tomek;0.31918490585865755;0.3544639376218324;0.3239023870470598
