resampling_strategy;resampling_algorithm;hp;hr;hf
none;none;0.24652652847550374;0.2344342105263158;0.23385366378256575
flat;ros;0.29062497647088764;0.42340058479532167;0.29005062035655416
flat;smote;0.3086144931317837;0.47401608187134503;0.30917340427943263
flat;borderline;0.28997085812223317;0.40456676413255366;0.2994577577706191
flat;adasyn;0.30390158998773875;0.45562037037037034;0.31421010205048594
flat;smote-enn;0.3067978554132398;0.4456593567251462;0.30963482830818856
flat;smote-tomek;0.29457519900568097;0.46487231968810916;0.30642711803606704
