resampling_strategy;resampling_algorithm;hp;hr;hf
none;none;0.3052436169154828;0.2674610136452242;0.2724950118950552
flat;ros;0.37481267676950847;0.47651023391812863;0.4023529301663422
flat;smote;0.36351507245461534;0.5143114035087719;0.3882603213420011
flat;borderline;0.33269348116904257;0.4627797270955165;0.3578674883147169
flat;adasyn;0.3162847171840316;0.4583947368421053;0.33756702948850925
flat;smote-enn;0.32927606883041893;0.49016715399610133;0.34703371839204983
flat;smote-tomek;0.33914046398750336;0.4753718323586744;0.3585498202599292
