class_name;hf;hp;hr
R/Bacterial/Klebsiella;0.6;0.6;0.6
R/Bacterial/Legionella;0.0;0.0;0.0
R/Bacterial/Mycoplasma;0.5333333333333333;0.6;0.5
R/Bacterial/Streptococcus;0.3406349206349206;0.45;0.2991666666666667
R/Fungal/Pneumocystis;0.1092063492063492;0.21333333333333332;0.07555555555555556
R/Lipoid/Non applicable;0.38;0.4666666666666666;0.3388888888888889
R/Normal;0.21683123722395897;0.22333333333333333;0.21075
R/Viral/COVID-19;0.07970258451343383;0.11666666666666665;0.060771503411306035
R/Viral/SARS;0.3;0.4333333333333333;0.23888888888888887
