resampling_strategy;resampling_algorithm;hp;hr;hf
none;none;0.30698808725019144;0.44487865497076023;0.28556697117694696
flat;ros;0.3000965821822369;0.4360082846003898;0.2801889353437046
flat;smote;0.303445321388987;0.4630843079922027;0.3043475794732254
flat;borderline;0.3026873923810261;0.41410721247563353;0.29554110658369626
flat;adasyn;0.3196504316453548;0.4453494152046783;0.30935723405413007
flat;smote-enn;0.303627987662432;0.432780701754386;0.2980576536231342
flat;smote-tomek;0.30796780904369053;0.47400292397660815;0.3115948835593464
