class_name;hf;hp;hr
R/Bacterial/Klebsiella;0.5333333333333333;0.6;0.5
R/Bacterial/Legionella;0.0;0.0;0.0
R/Bacterial/Mycoplasma;0.21333333333333332;0.3;0.16666666666666666
R/Bacterial/Streptococcus;0.23873015873015874;0.35666666666666663;0.18633333333333332
R/Fungal/Pneumocystis;0.07142857142857142;0.21999999999999997;0.04333333333333333
R/Lipoid/Non applicable;0.3466666666666667;0.4333333333333333;0.3111111111111111
R/Normal;0.1867803533433585;0.19666666666666666;0.17784999999999998
R/Viral/COVID-19;0.0588863820843268;0.11388888888888889;0.04027168615984405
R/Viral/SARS;0.3177777777777778;0.4333333333333333;0.25555555555555554
