resampling_strategy;resampling_algorithm;hp;hr;hf
none;none;0.2587394819606636;0.2860380116959065;0.2671327704658275
flat;ros;0.2887265024882484;0.3074805068226121;0.28826454700218396
flat;smote;0.2955651312204024;0.31844249512670564;0.2966574011862639
flat;borderline;0.3386620033471549;0.33493128654970755;0.32635581863185364
flat;adasyn;0.3258413011106948;0.34076267056530213;0.3247263244629946
flat;smote-enn;0.26748715497785047;0.32190545808966864;0.27404187199064645
flat;smote-tomek;0.296719534699187;0.348885477582846;0.3091832963003466
