class_name;hf;hp;hr
R/Bacterial/Klebsiella;0.7333333333333333;0.8;0.7
R/Bacterial/Legionella;0.0;0.0;0.0
R/Bacterial/Mycoplasma;0.13333333333333333;0.2;0.1
R/Bacterial/Streptococcus;0.12222222222222223;0.2333333333333333;0.08666666666666667
R/Fungal/Pneumocystis;0.0;0.0;0.0
R/Lipoid/Non applicable;0.08333333333333333;0.16666666666666666;0.05555555555555556
R/Normal;0.27321629243748813;0.3233333333333333;0.23745000000000002
R/Viral/COVID-19;0.0;0.0;0.0
R/Viral/SARS;0.3;0.4333333333333333;0.23888888888888887
