class_name;hf;hp;hr
R/Bacterial/Klebsiella;0.5333333333333333;0.6;0.5
R/Bacterial/Legionella;0.0;0.0;0.0
R/Bacterial/Mycoplasma;0.3;0.36666666666666664;0.27222222222222225
R/Bacterial/Streptococcus;0.2123809523809524;0.36666666666666664;0.16166666666666668
R/Fungal/Pneumocystis;0.08158730158730158;0.19666666666666668;0.05499999999999999
R/Lipoid/Non applicable;0.08333333333333333;0.16666666666666666;0.05555555555555556
R/Normal;0.19682301790494247;0.21333333333333332;0.18336666666666665
R/Viral/COVID-19;0.057600538534843884;0.11944444444444444;0.040973135964912276
R/Viral/SARS;0.1857142857142857;0.29999999999999993;0.14166666666666666
