class_name;hf;hp;hr
R/Bacterial/Klebsiella;0.06666666666666667;0.1;0.05
R/Bacterial/Legionella;0.0;0.0;0.0
R/Bacterial/Mycoplasma;0.13333333333333333;0.2;0.1
R/Bacterial/Streptococcus;0.09666666666666665;0.24999999999999994;0.06
R/Fungal/Pneumocystis;0.0707142857142857;0.18;0.045
R/Lipoid/Non applicable;0.18;0.26666666666666666;0.1388888888888889
R/Normal;0.17337320039310516;0.18166666666666664;0.16583333333333333
R/Viral/COVID-19;0.09997315048790856;0.12301587301587302;0.08425969437482596
R/Viral/SARS;0.28238095238095234;0.4333333333333333;0.21944444444444441
