class_name;hf;hp;hr
R/Bacterial/Klebsiella;0.4;0.4;0.4
R/Bacterial/Legionella;0.0;0.0;0.0
R/Bacterial/Mycoplasma;0.13333333333333333;0.2;0.1
R/Bacterial/Streptococcus;0.12142857142857144;0.2833333333333333;0.07833333333333334
R/Fungal/Pneumocystis;0.07261904761904761;0.21666666666666665;0.04444444444444444
R/Lipoid/Non applicable;0.03333333333333333;0.06666666666666667;0.02222222222222222
R/Normal;0.20371213138047556;0.21333333333333332;0.19493333333333332
R/Viral/COVID-19;0.11832844401234843;0.1376984126984127;0.1038015611946533
R/Viral/SARS;0.06;0.13333333333333333;0.03888888888888888
