class_name;hf;hp;hr
R/Bacterial/Klebsiella;0.6666666666666666;0.7;0.65
R/Bacterial/Legionella;0.0;0.0;0.0
R/Bacterial/Mycoplasma;0.21333333333333332;0.3;0.16666666666666666
R/Bacterial/Streptococcus;0.2666666666666667;0.3333333333333333;0.22666666666666666
R/Fungal/Pneumocystis;0.12182539682539681;0.2333333333333333;0.08611111111111111
R/Lipoid/Non applicable;0.1833333333333333;0.3333333333333333;0.12777777777777777
R/Normal;0.1439768842426746;0.16857142857142857;0.12579047619047617
R/Viral/COVID-19;0.06826900805460749;0.11388888888888889;0.04880269249512671
R/Viral/SARS;0.34;0.4666666666666666;0.2722222222222222
