class_name;hf;hp;hr
R/Bacterial/Klebsiella;0.6;0.7;0.55
R/Bacterial/Legionella;0.2;0.2;0.2
R/Bacterial/Mycoplasma;0.3833333333333333;0.5;0.33333333333333337
R/Bacterial/Streptococcus;0.2111111111111111;0.3233333333333333;0.16716666666666666
R/Fungal/Pneumocystis;0.09444444444444444;0.16666666666666666;0.06666666666666667
R/Lipoid/Non applicable;0.22666666666666666;0.3;0.18333333333333332
R/Normal;0.15852833985816006;0.16666666666666666;0.15116666666666664
R/Viral/COVID-19;0.05999673685127477;0.11388888888888889;0.040801961500974655
R/Viral/SARS;0.42000000000000004;0.5333333333333333;0.3722222222222222
