class_name;hf;hp;hr
R/Bacterial/Klebsiella;0.0;0.0;0.0
R/Bacterial/Legionella;0.0;0.0;0.0
R/Bacterial/Mycoplasma;0.06666666666666667;0.1;0.05
R/Bacterial/Streptococcus;0.0;0.0;0.0
R/Fungal/Pneumocystis;0.0;0.0;0.0
R/Lipoid/Non applicable;0.1;0.16666666666666666;0.07222222222222222
R/Normal;0.4972330132953614;0.5;0.49450000000000005
R/Viral/COVID-19;0.30043418352694945;0.3133333333333333;0.28870614035087716
R/Viral/SARS;0.0;0.0;0.0
