class_name;hf;hp;hr
R/Bacterial/Klebsiella;0.6666666666666667;0.7;0.65
R/Bacterial/Legionella;0.0;0.0;0.0
R/Bacterial/Mycoplasma;0.26666666666666666;0.4;0.2
R/Bacterial/Streptococcus;0.31587301587301586;0.39999999999999997;0.2633333333333333
R/Fungal/Pneumocystis;0.09166666666666665;0.21666666666666665;0.061111111111111116
R/Lipoid/Non applicable;0.25;0.4333333333333333;0.17777777777777776
R/Normal;0.1838661248324433;0.19666666666666668;0.17301666666666668
R/Viral/COVID-19;0.05401449130622944;0.11111111111111112;0.03644249512670565
R/Viral/SARS;0.37444444444444447;0.4666666666666666;0.33333333333333337
