class_name;hf;hp;hr
R/Bacterial/Klebsiella;0.4666666666666667;0.5;0.45
R/Bacterial/Legionella;0.0;0.0;0.0
R/Bacterial/Mycoplasma;0.06666666666666667;0.1;0.05
R/Bacterial/Streptococcus;0.0;0.0;0.0
R/Fungal/Pneumocystis;0.0;0.0;0.0
R/Lipoid/Non applicable;0.06666666666666667;0.13333333333333333;0.04444444444444444
R/Normal;0.6987430793608708;0.7;0.6975
R/Viral/COVID-19;0.174667372120953;0.19666666666666666;0.1572331871345029
R/Viral/SARS;0.0;0.0;0.0
