resampling_strategy;resampling_algorithm;hp;hr;hf
none;none;0.2961436950630728;0.44859161793372315;0.2915743374333388
flat;ros;0.3218120928120132;0.4821447368421053;0.3052770596336626
flat;smote;0.2991851400696547;0.446053118908382;0.2981757151534184
flat;borderline;0.29497925931990193;0.35406384015594544;0.27487370127673305
flat;adasyn;0.2938793537080541;0.4381213450292398;0.29279086741183896
flat;smote-enn;0.3222721520535382;0.45709356725146205;0.306250921912672
flat;smote-tomek;0.3129728786816509;0.45417397660818715;0.3093042151324674
