resampling_strategy;resampling_algorithm;hp;hr;hf
none;none;0.31407003016136653;0.4475346003898636;0.299784915570427
flat;ros;0.2929897680016376;0.42737573099415205;0.27153965093413973
flat;smote;0.3033486180217529;0.44548684210526324;0.30245614864682324
flat;borderline;0.30037069464194976;0.4320745614035088;0.3024720376729489
flat;adasyn;0.3047592031141947;0.4379234892787525;0.30053828258354326
flat;smote-enn;0.29654823060539337;0.4348245614035087;0.2864371784541176
flat;smote-tomek;0.308907912477794;0.45437816764132555;0.3074462005182979
