class_name;hf;hp;hr
R/Bacterial/Klebsiella;0.6666666666666667;0.7;0.65
R/Bacterial/Legionella;0.0;0.0;0.0
R/Bacterial/Mycoplasma;0.3466666666666667;0.4;0.31666666666666665
R/Bacterial/Streptococcus;0.20444444444444443;0.35;0.14666666666666667
R/Fungal/Pneumocystis;0.0892063492063492;0.22333333333333333;0.059444444444444446
R/Lipoid/Non applicable;0.36;0.4;0.3333333333333333
R/Normal;0.22966074405367315;0.23666666666666666;0.22306666666666666
R/Viral/COVID-19;0.08100045154232347;0.11666666666666665;0.06204800194931774
R/Viral/SARS;0.2790476190476191;0.36666666666666664;0.23055555555555554
