class_name;hf;hp;hr
R/Bacterial/Klebsiella;0.7333333333333334;0.8;0.7
R/Bacterial/Legionella;0.0;0.0;0.0
R/Bacterial/Mycoplasma;0.27999999999999997;0.3;0.26666666666666666
R/Bacterial/Streptococcus;0.2968253968253969;0.4333333333333333;0.2416666666666667
R/Fungal/Pneumocystis;0.07047619047619047;0.18;0.04666666666666667
R/Lipoid/Non applicable;0.3466666666666667;0.4333333333333333;0.3111111111111111
R/Normal;0.1340122919532283;0.1571428571428571;0.11685714285714285
R/Viral/COVID-19;0.06620214143480166;0.11111111111111112;0.04732212475633528
R/Viral/SARS;0.5166666666666667;0.6;0.4833333333333333
