class_name;hf;hp;hr
R/Bacterial/Klebsiella;0.26666666666666666;0.3;0.25
R/Bacterial/Legionella;0.0;0.0;0.0
R/Bacterial/Mycoplasma;0.05;0.1;0.03333333333333333
R/Bacterial/Streptococcus;0.13111111111111112;0.25;0.0925
R/Fungal/Pneumocystis;0.15039682539682536;0.29999999999999993;0.10277777777777777
R/Lipoid/Non applicable;0.13333333333333333;0.2333333333333333;0.09444444444444444
R/Normal;0.16707342143045154;0.17523809523809522;0.15967619047619047
R/Viral/COVID-19;0.0990991686985253;0.12301587301587302;0.08317120927318294
R/Viral/SARS;0.21000000000000002;0.3;0.16666666666666666
