class_name;hf;hp;hr
R/Bacterial/Klebsiella;0.7333333333333333;0.8;0.7
R/Bacterial/Legionella;0.0;0.0;0.0
R/Bacterial/Mycoplasma;0.3466666666666667;0.4;0.31666666666666665
R/Bacterial/Streptococcus;0.3161904761904762;0.4666666666666666;0.2533333333333333
R/Fungal/Pneumocystis;0.1380952380952381;0.23666666666666666;0.10277777777777777
R/Lipoid/Non applicable;0.4833333333333334;0.5666666666666667;0.45555555555555555
R/Normal;0.139454886994554;0.16190476190476188;0.12273809523809524
R/Viral/COVID-19;0.07026657364674536;0.11666666666666665;0.05066611842105263
R/Viral/SARS;0.43;0.55;0.37916666666666665
