class_name;hf;hp;hr
R/Bacterial/Klebsiella;0.8;0.8;0.8
R/Bacterial/Legionella;0.0;0.0;0.0
R/Bacterial/Mycoplasma;0.05;0.1;0.03333333333333333
R/Bacterial/Streptococcus;0.07301587301587302;0.11666666666666665;0.05333333333333333
R/Fungal/Pneumocystis;0.0;0.0;0.0
R/Lipoid/Non applicable;0.16666666666666666;0.26666666666666666;0.12222222222222223
R/Normal;0.3271166402388169;0.3833333333333333;0.28575000000000006
R/Viral/COVID-19;0.0;0.0;0.0
R/Viral/SARS;0.30666666666666664;0.4;0.25
