resampling_strategy;resampling_algorithm;hp;hr;hf
none;none;0.31145105887679064;0.4685857699805068;0.3093419582294853
flat;ros;0.30718258767458423;0.4414970760233918;0.2865305646505635
flat;smote;0.3256149678131829;0.468974171539961;0.32431610757629326
flat;borderline;0.30891491215571004;0.42356140350877186;0.30515117838125716
flat;adasyn;0.3188676243910597;0.48627826510721245;0.32452336386517794
flat;smote-enn;0.2909451367628978;0.4240721247563354;0.28625918538387846
flat;smote-tomek;0.3056656019598193;0.4433313840155946;0.30194009674358374
