class_name;hf;hp;hr
R/Bacterial/Klebsiella;0.7333333333333333;0.8;0.7
R/Bacterial/Legionella;0.0;0.0;0.0
R/Bacterial/Mycoplasma;0.3;0.36666666666666664;0.27222222222222225
R/Bacterial/Streptococcus;0.3433333333333334;0.4666666666666666;0.30333333333333334
R/Fungal/Pneumocystis;0.11801587301587299;0.25666666666666665;0.08
R/Lipoid/Non applicable;0.26666666666666666;0.3333333333333333;0.24444444444444446
R/Normal;0.2343374859489721;0.24;0.22898333333333332
R/Viral/COVID-19;0.08044987193715178;0.11388888888888889;0.06224811159844055
R/Viral/SARS;0.40444444444444444;0.4666666666666667;0.36666666666666664
