class_name;hf;hp;hr
R/Bacterial/Klebsiella;0.39999999999999997;0.5;0.35
R/Bacterial/Legionella;0.0;0.0;0.0
R/Bacterial/Mycoplasma;0.13333333333333333;0.2;0.1
R/Bacterial/Streptococcus;0.40952380952380957;0.5333333333333334;0.3616666666666667
R/Fungal/Pneumocystis;0.1430952380952381;0.24666666666666665;0.10611111111111111
R/Lipoid/Non applicable;0.06666666666666667;0.13333333333333333;0.04444444444444444
R/Normal;0.14472169309347688;0.1638095238095238;0.12963809523809525
R/Viral/COVID-19;0.07998536673212575;0.12658730158730158;0.058910601155666945
R/Viral/SARS;0.2790476190476191;0.36666666666666664;0.23055555555555554
