class_name;hf;hp;hr
R/Bacterial/Klebsiella;0.6666666666666667;0.7;0.65
R/Bacterial/Legionella;0.0;0.0;0.0
R/Bacterial/Mycoplasma;0.23333333333333334;0.36666666666666664;0.17222222222222222
R/Bacterial/Streptococcus;0.306031746031746;0.4333333333333333;0.24833333333333335
R/Fungal/Pneumocystis;0.11738095238095239;0.22333333333333333;0.08555555555555555
R/Lipoid/Non applicable;0.27999999999999997;0.3;0.26666666666666666
R/Normal;0.13139330680530983;0.15238095238095234;0.11557142857142857
R/Viral/COVID-19;0.06874829344571198;0.11666666666666665;0.04881700779727095
R/Viral/SARS;0.34;0.4666666666666667;0.27222222222222225
