class_name;hf;hp;hr
R/Bacterial/Klebsiella;0.5333333333333334;0.6;0.5
R/Bacterial/Legionella;0.0;0.0;0.0
R/Bacterial/Mycoplasma;0.6666666666666666;0.7;0.65
R/Bacterial/Streptococcus;0.21587301587301586;0.26666666666666666;0.18333333333333332
R/Fungal/Pneumocystis;0.15285714285714286;0.27999999999999997;0.11333333333333333
R/Lipoid/Non applicable;0.3;0.36666666666666664;0.27222222222222225
R/Normal;0.3437905184708253;0.35;0.3378333333333333
R/Viral/COVID-19;0.08724278760002252;0.12222222222222223;0.06786184210526316
R/Viral/SARS;0.31666666666666665;0.4333333333333333;0.2777777777777778
