class_name;hf;hp;hr
R/Bacterial/Klebsiella;0.6666666666666667;0.7;0.65
R/Bacterial/Legionella;0.0;0.0;0.0
R/Bacterial/Mycoplasma;0.3466666666666666;0.4;0.31666666666666665
R/Bacterial/Streptococcus;0.29960317460317454;0.39999999999999997;0.24166666666666664
R/Fungal/Pneumocystis;0.09285714285714285;0.18333333333333332;0.06388888888888888
R/Lipoid/Non applicable;0.30666666666666664;0.4;0.24999999999999994
R/Normal;0.14059496471653637;0.15714285714285714;0.12721428571428572
R/Viral/COVID-19;0.059063339275103974;0.11111111111111112;0.04037768031189083
R/Viral/SARS;0.3911111111111111;0.5;0.34444444444444444
