class_name;hf;hp;hr
R/Bacterial/Klebsiella;0.4666666666666666;0.6;0.4
R/Bacterial/Legionella;0.0;0.0;0.0
R/Bacterial/Mycoplasma;0.4133333333333333;0.5;0.36666666666666664
R/Bacterial/Streptococcus;0.23809523809523808;0.3333333333333333;0.19666666666666666
R/Fungal/Pneumocystis;0.07396825396825397;0.13999999999999999;0.05222222222222221
R/Lipoid/Non applicable;0.26;0.36666666666666664;0.20555555555555555
R/Normal;0.18589125277023735;0.19666666666666668;0.17633333333333334
R/Viral/COVID-19;0.06127192356764484;0.11111111111111112;0.04268762183235868
R/Viral/SARS;0.32571428571428573;0.4;0.27499999999999997
