class_name;hf;hp;hr
R/Bacterial/Klebsiella;0.0;0.0;0.0
R/Bacterial/Legionella;0.0;0.0;0.0
R/Bacterial/Mycoplasma;0.05;0.1;0.03333333333333333
R/Bacterial/Streptococcus;0.0;0.0;0.0
R/Fungal/Pneumocystis;0.08571428571428572;0.3;0.05
R/Lipoid/Non applicable;0.11666666666666665;0.2;0.08333333333333333
R/Normal;0.49647099134427064;0.5;0.493
R/Viral/COVID-19;0.2768049246742373;0.29;0.2649470029239766
R/Viral/SARS;0.0;0.0;0.0
