resampling_strategy;resampling_algorithm;hp;hr;hf
none;none;0.2724826047676339;0.2914902534113061;0.2767253122451094
flat;ros;0.32569132584678806;0.33241325536062377;0.32272345614078446
flat;smote;0.2943317688730309;0.3361413255360624;0.30032772161104415
flat;borderline;0.32663003777774824;0.346240253411306;0.32751595230134345
flat;adasyn;0.30638592245882235;0.3655774853801169;0.3221926871234188
flat;smote-enn;0.28938672278600963;0.37356481481481485;0.3082963472354414
flat;smote-tomek;0.2769326347674361;0.3026237816764133;0.2817309436997416
