resampling_strategy;resampling_algorithm;hp;hr;hf
none;none;0.31031349139132497;0.4711827485380117;0.3032025103827357
flat;ros;0.3068479219592423;0.44287914230019493;0.2923000877707417
flat;smote;0.29400092898996427;0.440504873294347;0.29277011980980916
flat;borderline;0.29435416422055;0.3874727095516569;0.29293402206330654
flat;adasyn;0.28944560849677325;0.4240745614035088;0.29326730547530777
flat;smote-enn;0.31146926450092394;0.45788255360623786;0.3063684299768581
flat;smote-tomek;0.3196492753066527;0.4481432748538012;0.30731895639725615
