class_name;hf;hp;hr
R/Bacterial/Klebsiella;0.5333333333333333;0.6;0.5
R/Bacterial/Legionella;0.0;0.0;0.0
R/Bacterial/Mycoplasma;0.3466666666666667;0.4;0.31666666666666665
R/Bacterial/Streptococcus;0.18777777777777777;0.29999999999999993;0.13999999999999999
R/Fungal/Pneumocystis;0.06785714285714287;0.13333333333333333;0.04722222222222222
R/Lipoid/Non applicable;0.27999999999999997;0.3;0.26666666666666666
R/Normal;0.19674781177746087;0.20666666666666664;0.18805
R/Viral/COVID-19;0.06294537804666808;0.1257936507936508;0.0428547932330827
R/Viral/SARS;0.27;0.4333333333333333;0.20555555555555557
