class_name;hf;hp;hr
R/Bacterial/Klebsiella;0.7333333333333333;0.8;0.7
R/Bacterial/Legionella;0.0;0.0;0.0
R/Bacterial/Mycoplasma;0.3;0.36666666666666664;0.27222222222222225
R/Bacterial/Streptococcus;0.24253968253968253;0.36666666666666664;0.19
R/Fungal/Pneumocystis;0.11333333333333333;0.24666666666666665;0.0811111111111111
R/Lipoid/Non applicable;0.36;0.4;0.3333333333333333
R/Normal;0.14126753447962512;0.1638095238095238;0.12455714285714285
R/Viral/COVID-19;0.06694386149671669;0.11388888888888889;0.04749025341130604
R/Viral/SARS;0.3911111111111112;0.5;0.34444444444444444
