class_name;hf;hp;hr
R/Bacterial/Klebsiella;0.3333333333333333;0.4;0.3
R/Bacterial/Legionella;0.0;0.0;0.0
R/Bacterial/Mycoplasma;0.13333333333333333;0.2;0.1
R/Bacterial/Streptococcus;0.205;0.36666666666666664;0.15
R/Fungal/Pneumocystis;0.11706349206349205;0.21666666666666665;0.08333333333333333
R/Lipoid/Non applicable;0.1;0.16666666666666666;0.07222222222222222
R/Normal;0.15250294405457548;0.16023809523809524;0.14553928571428573
R/Viral/COVID-19;0.09139491842681424;0.12023809523809523;0.07399505708716234
R/Viral/SARS;0.20777777777777776;0.3333333333333333;0.15555555555555553
