class_name;hf;hp;hr
R/Bacterial/Klebsiella;0.4666666666666666;0.6;0.4
R/Bacterial/Legionella;0.0;0.0;0.0
R/Bacterial/Mycoplasma;0.4133333333333334;0.5;0.36666666666666664
R/Bacterial/Streptococcus;0.15015873015873019;0.26666666666666666;0.10583333333333333
R/Fungal/Pneumocystis;0.08476190476190475;0.24666666666666665;0.05222222222222221
R/Lipoid/Non applicable;0.33333333333333337;0.4333333333333333;0.29444444444444445
R/Normal;0.39586190479408423;0.39999999999999997;0.39183333333333337
R/Viral/COVID-19;0.10810786908107754;0.13134920634920638;0.09189297027290448
R/Viral/SARS;0.25;0.4;0.19166666666666665
