resampling_strategy;resampling_algorithm;hp;hr;hf
none;none;0.31617153081576344;0.28728898635477584;0.2834271563492924
flat;ros;0.37084641115549644;0.4488474658869396;0.38955859153506245
flat;smote;0.37567095821508606;0.5403269980506822;0.39436031817996836
flat;borderline;0.32790210958389093;0.4762529239766081;0.3566992494160276
flat;adasyn;0.3596026176404;0.541093567251462;0.3912982328749392
flat;smote-enn;0.34809628142565635;0.5536812865497076;0.3787859903275433
flat;smote-tomek;0.34041124525346717;0.4766778752436647;0.3562603123699304
