resampling_strategy;resampling_algorithm;hp;hr;hf
none;none;0.3136526242839871;0.2820857699805069;0.2797589578625057
flat;ros;0.4480726822841488;0.4739405458089669;0.4317547505229845
flat;smote;0.3336329476159508;0.5134429824561403;0.35778246899750377
flat;borderline;0.351437029156337;0.484807992202729;0.3773751650001271
flat;adasyn;0.3703668203165689;0.5383523391812866;0.3921355382640983
flat;smote-enn;0.3438251131888886;0.5271603313840155;0.36784444533507715
flat;smote-tomek;0.3615789401640021;0.5249117933723195;0.3799868505308444
