class_name;hf;hp;hr
R/Bacterial/Klebsiella;0.5333333333333333;0.6;0.5
R/Bacterial/Legionella;0.0;0.0;0.0
R/Bacterial/Mycoplasma;0.3333333333333333;0.4;0.3
R/Bacterial/Streptococcus;0.18904761904761905;0.31666666666666665;0.1475
R/Fungal/Pneumocystis;0.11706349206349205;0.2333333333333333;0.08055555555555556
R/Lipoid/Non applicable;0.4;0.5333333333333333;0.34444444444444444
R/Normal;0.24077185323313718;0.24666666666666667;0.23516666666666666
R/Viral/COVID-19;0.07692378594410655;0.11111111111111112;0.058913255360623785
R/Viral/SARS;0.2957142857142857;0.4;0.24166666666666664
