class_name;hf;hp;hr
R/Bacterial/Klebsiella;0.6;0.7;0.55
R/Bacterial/Legionella;0.0;0.0;0.0
R/Bacterial/Mycoplasma;0.8333333333333333;0.8666666666666668;0.8222222222222222
R/Bacterial/Streptococcus;0.2577777777777778;0.35666666666666663;0.21133333333333332
R/Fungal/Pneumocystis;0.13095238095238096;0.26666666666666666;0.08888888888888888
R/Lipoid/Non applicable;0.38;0.4666666666666666;0.3388888888888889
R/Normal;0.20835639900235714;0.21333333333333332;0.20363333333333333
R/Viral/COVID-19;0.08230468028366736;0.11944444444444444;0.062843567251462
R/Viral/SARS;0.33444444444444443;0.4666666666666666;0.26666666666666666
