class_name;hf;hp;hr
R/Bacterial/Klebsiella;0.4666666666666666;0.6;0.4
R/Bacterial/Legionella;0.0;0.0;0.0
R/Bacterial/Mycoplasma;0.5666666666666667;0.6666666666666667;0.5222222222222223
R/Bacterial/Streptococcus;0.20444444444444443;0.35;0.14666666666666667
R/Fungal/Pneumocystis;0.05428571428571429;0.16;0.03333333333333333
R/Lipoid/Non applicable;0.4133333333333334;0.5;0.36666666666666664
R/Normal;0.2677745897004438;0.2733333333333333;0.2625166666666667
R/Viral/COVID-19;0.08507307394670335;0.11944444444444444;0.06636391325536062
R/Viral/SARS;0.26000000000000006;0.35;0.2125
