resampling_strategy;resampling_algorithm;hp;hr;hf
none;none;0.25251432826368647;0.2408830409356725;0.24070891267125877
flat;ros;0.28914585309996366;0.41614961013645224;0.28582305169380845
flat;smote;0.29973373648920715;0.4539307992202729;0.3101117695752565
flat;borderline;0.2644246489077796;0.4024839181286549;0.27660259163718504
flat;adasyn;0.29244225519140943;0.45794736842105266;0.3034348838336919
flat;smote-enn;0.3258453085955079;0.4506174463937621;0.309149506099339
flat;smote-tomek;0.2827223779978333;0.4315945419103314;0.289430686121205
