class_name;hf;hp;hr
R/Bacterial/Klebsiella;0.06666666666666667;0.1;0.05
R/Bacterial/Legionella;0.0;0.0;0.0
R/Bacterial/Mycoplasma;0.13333333333333333;0.2;0.1
R/Bacterial/Streptococcus;0.23809523809523808;0.36666666666666664;0.17666666666666667
R/Fungal/Pneumocystis;0.12095238095238095;0.2233333333333333;0.08833333333333333
R/Lipoid/Non applicable;0.1;0.16666666666666666;0.07222222222222222
R/Normal;0.16898913103974314;0.18;0.1593
R/Viral/COVID-19;0.09708553420967794;0.12023809523809523;0.0815166388192704
R/Viral/SARS;0.18;0.3;0.13333333333333333
