class_name;hf;hp;hr
R/Bacterial/Klebsiella;0.8666666666666666;0.9;0.85
R/Bacterial/Legionella;0.0;0.0;0.0
R/Bacterial/Mycoplasma;0.26666666666666666;0.4;0.2
R/Bacterial/Streptococcus;0.08253968253968254;0.13333333333333333;0.06
R/Fungal/Pneumocystis;0.0;0.0;0.0
R/Lipoid/Non applicable;0.08333333333333333;0.16666666666666666;0.05555555555555556
R/Normal;0.2812630691334203;0.3333333333333333;0.2443333333333333
R/Viral/COVID-19;0.0;0.0;0.0
R/Viral/SARS;0.37333333333333335;0.5;0.3277777777777778
