class_name;hf;hp;hr
R/Bacterial/Klebsiella;0.7333333333333333;0.8;0.7
R/Bacterial/Legionella;0.0;0.0;0.0
R/Bacterial/Mycoplasma;0.21333333333333332;0.3;0.16666666666666666
R/Bacterial/Streptococcus;0.3168253968253968;0.4333333333333333;0.26833333333333337
R/Fungal/Pneumocystis;0.11444444444444443;0.20666666666666664;0.08
R/Lipoid/Non applicable;0.33333333333333337;0.4333333333333333;0.29444444444444445
R/Normal;0.1381220496471395;0.1619047619047619;0.12059523809523809
R/Viral/COVID-19;0.06673294240172428;0.11388888888888889;0.04752223440545809
R/Viral/SARS;0.39904761904761904;0.4666666666666667;0.3638888888888889
