class_name;hf;hp;hr
R/Bacterial/Klebsiella;0.7333333333333333;0.8;0.7
R/Bacterial/Legionella;0.0;0.0;0.0
R/Bacterial/Mycoplasma;0.3;0.36666666666666664;0.27222222222222225
R/Bacterial/Streptococcus;0.08333333333333333;0.18333333333333332;0.056666666666666664
R/Fungal/Pneumocystis;0.0;0.0;0.0
R/Lipoid/Non applicable;0.08333333333333333;0.16666666666666666;0.05555555555555556
R/Normal;0.28578639762836383;0.3333333333333333;0.2501666666666667
R/Viral/COVID-19;0.0;0.0;0.0
R/Viral/SARS;0.27904761904761904;0.36666666666666664;0.23055555555555554
