class_name;hf;hp;hr
R/Bacterial/Klebsiella;0.8666666666666666;0.9;0.85
R/Bacterial/Legionella;0.0;0.0;0.0
R/Bacterial/Mycoplasma;0.13333333333333333;0.2;0.1
R/Bacterial/Streptococcus;0.11111111111111112;0.2;0.08
R/Fungal/Pneumocystis;0.0;0.0;0.0
R/Lipoid/Non applicable;0.06666666666666667;0.13333333333333333;0.04444444444444444
R/Normal;0.26647140420293897;0.31666666666666665;0.2305
R/Viral/COVID-19;0.0;0.0;0.0
R/Viral/SARS;0.2877777777777778;0.4333333333333333;0.22222222222222218
