class_name;hf;hp;hr
R/Bacterial/Klebsiella;0.13333333333333333;0.2;0.1
R/Bacterial/Legionella;0.0;0.0;0.0
R/Bacterial/Mycoplasma;0.13333333333333333;0.2;0.1
R/Bacterial/Streptococcus;0.09142857142857144;0.2;0.06
R/Fungal/Pneumocystis;0.047619047619047616;0.11666666666666665;0.03055555555555555
R/Lipoid/Non applicable;0.1;0.2;0.06666666666666667
R/Normal;0.3079197516782811;0.31666666666666665;0.29966666666666664
R/Viral/COVID-19;0.11162981292894684;0.13214285714285715;0.09700148809523809
R/Viral/SARS;0.08333333333333333;0.16666666666666666;0.05555555555555556
