resampling_strategy;resampling_algorithm;hp;hr;hf
none;none;0.25187285721217645;0.2512139376218324;0.24369666950996055
flat;ros;0.2925106012669872;0.46665253411306046;0.2942746229844085
flat;smote;0.28508412375719117;0.43175194931773875;0.281761896762665
flat;borderline;0.2869237548258435;0.38691325536062376;0.27354267200103466
flat;adasyn;0.29342253684954656;0.46365935672514624;0.3033960841042219
flat;smote-enn;0.3024497986151249;0.4773489278752437;0.3018000916711541
flat;smote-tomek;0.31705373867032005;0.448983918128655;0.3201451605681651
