class_name;hf;hp;hr
R/Bacterial/Klebsiella;0.4;0.5;0.35
R/Bacterial/Legionella;0.0;0.0;0.0
R/Bacterial/Mycoplasma;0.18333333333333332;0.3;0.13333333333333333
R/Bacterial/Streptococcus;0.2861904761904762;0.39999999999999997;0.23333333333333334
R/Fungal/Pneumocystis;0.17261904761904762;0.29999999999999993;0.12499999999999997
R/Lipoid/Non applicable;0.22666666666666666;0.3;0.18333333333333332
R/Normal;0.1490829037013394;0.16857142857142854;0.13375714285714285
R/Viral/COVID-19;0.08032025697266068;0.125;0.059229714912280705
R/Viral/SARS;0.40444444444444444;0.4666666666666666;0.36666666666666664
