class_name;hf;hp;hr
R/Bacterial/Klebsiella;0.7333333333333334;0.8;0.7
R/Bacterial/Legionella;0.0;0.0;0.0
R/Bacterial/Mycoplasma;0.06666666666666667;0.1;0.05
R/Bacterial/Streptococcus;0.053333333333333344;0.15;0.0325
R/Fungal/Pneumocystis;0.011428571428571429;0.04;0.006666666666666666
R/Lipoid/Non applicable;0.03333333333333333;0.06666666666666667;0.02222222222222222
R/Normal;0.2839940187350869;0.3333333333333333;0.24833333333333335
R/Viral/COVID-19;0.0;0.0;0.0
R/Viral/SARS;0.27904761904761904;0.36666666666666664;0.23055555555555554
