resampling_strategy;resampling_algorithm;hp;hr;hf
none;none;0.2229494979382786;0.2330243664717349;0.2271609966946259
flat;ros;0.29563879166463525;0.42435380116959065;0.2850048868613083
flat;smote;0.2964693011403308;0.4036993177387915;0.29171771379865596
flat;borderline;0.3321120328858679;0.5028269980506822;0.34596663835468117
flat;adasyn;0.28484475191931435;0.43971491228070175;0.2934508956580797
flat;smote-enn;0.29165623914690775;0.43682163742690056;0.2979087191879718
flat;smote-tomek;0.3031162958499561;0.4502105263157894;0.30952105649880907
