class_name;hf;hp;hr
R/Bacterial/Klebsiella;0.0;0.0;0.0
R/Bacterial/Legionella;0.0;0.0;0.0
R/Bacterial/Mycoplasma;0.05;0.1;0.03333333333333333
R/Bacterial/Streptococcus;0.0;0.0;0.0
R/Fungal/Pneumocystis;0.019047619047619046;0.06666666666666667;0.01111111111111111
R/Lipoid/Non applicable;0.19999999999999998;0.36666666666666664;0.13888888888888887
R/Normal;0.4962152695695615;0.5;0.49250000000000005
R/Viral/COVID-19;0.3211901592854493;0.3333333333333333;0.31017726608187135
R/Viral/SARS;0.0;0.0;0.0
