resampling_strategy;resampling_algorithm;hp;hr;hf
none;none;0.28690706621613893;0.28035964912280703;0.2759792999925521
flat;ros;0.3489846388574217;0.32829288499025344;0.3295831876995509
flat;smote;0.2783535514964949;0.33212085769980504;0.28493632680955694
flat;borderline;0.3367579975782289;0.4149897660818714;0.3599854566690435
flat;adasyn;0.33026815857690905;0.32851120857699806;0.3167035500669298
flat;smote-enn;0.309437059209584;0.4031715399610136;0.32602189967295836
flat;smote-tomek;0.33748967014119874;0.356198343079922;0.3258446613408554
